"Cluster","ID","Description","GeneRatio","BgRatio","RichFactor","FoldEnrichment","zScore","pvalue","p.adjust","qvalue","geneID","Count"
"EC","GO:1902905","positive regulation of supramolecular fiber organization","19/288","176/18860",0.107954545454545,7.06952335858586,10.0740065380901,2.77637720862233e-11,1.0042156363587e-07,8.19177401659831e-08,"8440/1191/2876/7168/11034/1639/22843/6281/23332/5581/9475/23580/5217/3303/3304/88/171024/4204/85477",19
"EC","GO:1902903","regulation of supramolecular fiber organization","27/288","395/18860",0.0683544303797468,4.47626582278481,8.69487028020165,8.69392438050794e-11,1.57229622421486e-07,1.28258263360862e-07,"11151/22924/81553/120/10391/8440/1191/2876/7168/11034/1639/22843/6281/23332/5581/9475/23580/5217/822/3303/3304/221074/25959/88/171024/4204/85477",27
"EC","GO:0007015","actin filament organization","29/288","469/18860",0.0618336886993603,4.04924780857617,8.32727114851187,1.83712718940482e-10,2.21496301469241e-07,1.80683070593043e-07,"3936/11151/8407/81553/120/10391/1809/7430/8440/1627/7168/10486/11034/10580/22843/6281/7184/23332/5581/9475/23580/408/5217/822/25959/88/29114/171024/85477",29
"EC","GO:0032271","regulation of protein polymerization","19/288","202/18860",0.0940594059405941,6.15958470847085,9.18087604753971,3.04831805078488e-10,2.75644159742223e-07,2.24853565693422e-07,"11151/22924/81553/120/8440/1639/11076/23332/5581/3320/23580/5217/822/3303/3304/221074/25959/4204/85477",19
"EC","GO:0051258","protein polymerization","22/288","291/18860",0.0756013745704467,4.950840015273,8.4580045959726,7.95532336846472e-10,4.52939290906014e-07,3.6948003795223e-07,"11151/22924/81553/120/8440/2244/1639/2243/2266/11076/23332/5581/3320/23580/5217/822/3303/3304/221074/25959/4204/85477",22
"EC","GO:0043254","regulation of protein-containing complex assembly","27/288","438/18860",0.0616438356164384,4.03681506849315,8.00780056757501,8.6348976450469e-10,4.52939290906014e-07,3.6948003795223e-07,"3958/3936/11151/22924/81553/120/9829/8440/1191/1639/6812/11076/23332/1981/5581/4478/3320/23580/9885/5217/822/3303/3304/221074/25959/4204/85477",27
"EC","GO:0051495","positive regulation of cytoskeleton organization","18/288","191/18860",0.0942408376963351,6.17146596858639,8.94532375620732,8.76575901670471e-10,4.52939290906014e-07,3.6948003795223e-07,"120/8440/7168/11034/1639/22843/6281/23332/5581/9475/23580/5217/3303/3304/88/171024/4204/85477",18
"EC","GO:0110053","regulation of actin filament organization","19/288","274/18860",0.0693430656934307,4.54100770478508,7.35250660585169,4.7176175510854e-08,2.13295283528449e-05,1.73993184153847e-05,"11151/81553/120/10391/8440/7168/11034/22843/6281/23332/5581/9475/23580/5217/822/25959/88/171024/85477",19
"EC","GO:0006457","protein folding","17/288","228/18860",0.0745614035087719,4.88273635477583,7.34516953899555,8.59365513843567e-08,3.4536945150802e-05,2.8173117371971e-05,"325/22824/9531/3315/80273/1191/1457/8570/7184/23071/3320/10598/811/3303/3304/3326/11080",17
"EC","GO:0032273","positive regulation of protein polymerization","11/288","91/18860",0.120879120879121,7.91590354090354,8.23522165658027,1.3947928821704e-07,5.04496585481033e-05,4.11537310391961e-05,"8440/1639/11076/23332/5581/3320/23580/5217/3303/3304/4204",11
"EC","GO:0031334","positive regulation of protein-containing complex assembly","16/288","210/18860",0.0761904761904762,4.98941798941799,7.23945724570958,1.54295352442411e-07,5.07351172531092e-05,4.13865907077587e-05,"3958/3936/8440/1191/1639/11076/23332/1981/5581/4478/3320/23580/5217/3303/3304/4204",16
"EC","GO:0051017","actin filament bundle assembly","14/288","169/18860",0.0828402366863905,5.42488494411571,7.19540598130913,3.37132424785175e-07,0.000101617331703998,8.2893174269548e-05,"3936/10391/1809/7430/7168/10580/22843/6281/7184/23332/9475/408/5217/171024",14
"EC","GO:0022411","cellular component disassembly","24/288","483/18860",0.0496894409937888,3.25396825396825,6.24899661301547,4.41216953899242e-07,0.000109208883549465,8.90858957231639e-05,"3936/57326/120/9829/1845/718/3831/51534/11034/1639/1991/84557/8867/91782/5048/1291/23332/3796/714/822/88/51250/85477/3159",24
"EC","GO:0061572","actin filament bundle organization","14/288","173/18860",0.0809248554913295,5.29945407835581,7.07445209522675,4.48833657629727e-07,0.000109208883549465,8.90858957231639e-05,"3936/10391/1809/7430/7168/10580/22843/6281/7184/23332/9475/408/5217/171024",14
"EC","GO:0006520","amino acid metabolic process","18/288","286/18860",0.0629370629370629,4.1215034965035,6.62400052705809,4.52898328239417e-07,0.000109208883549465,8.90858957231639e-05,"2639/5092/4594/4507/2746/16/10056/10247/57470/8565/54938/23475/2875/29968/4204/6507/4357/11112",18
"EC","GO:0045921","positive regulation of exocytosis","10/288","85/18860",0.117647058823529,7.70424836601307,7.71428752023214,6.72755284055123e-07,0.000152084741401711,0.000124061385605691,"302/9146/10015/2244/6281/2243/6812/2266/23332/22895",10
"EC","GO:0050821","protein stabilization","16/288","250/18860",0.064,4.19111111111111,6.32506481954847,1.6003744211282e-06,0.000340503193012982,0.000277761579097359,"9531/7532/1191/1457/7874/8613/6812/3320/5217/811/3303/3304/8575/5300/8774/3326",16
"EC","GO:0006979","response to oxidative stress","21/288","418/18860",0.0502392344497608,3.28997208931419,5.8957703375822,1.99259040710378e-06,0.000400399972360799,0.000326621690708298,"824/3240/9588/6649/2876/7168/5066/318/84557/5798/5052/1291/9555/6648/644/6416/3303/3304/847/9283/8575",21
"EC","GO:1990748","cellular detoxification","11/288","120/18860",0.0916666666666667,6.00289351851852,6.84625901574124,2.31325024952797e-06,0.000440369797502245,0.000359226617696781,"3240/1356/9588/6649/2876/217/5052/6648/128/847/2098",11
"EC","GO:0032956","regulation of actin cytoskeleton organization","19/288","357/18860",0.0532212885154062,3.48525521319639,5.90350946332292,2.6878565700658e-06,0.0004860988606964,0.000396529577152339,"11151/81553/120/10391/8440/7168/11034/22843/6281/23332/5581/9475/23580/5217/822/25959/88/171024/85477",19
"EC","GO:0008064","regulation of actin polymerization or depolymerization","12/288","150/18860",0.08,5.23888888888889,6.49063227911161,3.38883690479037e-06,0.000583686813553656,0.000476135831785835,"11151/81553/120/8440/11034/5581/23580/5217/822/25959/88/85477",12
"EC","GO:0051047","positive regulation of secretion","18/288","331/18860",0.054380664652568,3.56117824773414,5.85401792006137,3.6628677184731e-06,0.000602208751714418,0.00049124489066412,"302/9146/10015/2244/2746/6281/2243/6812/2266/5715/23332/10059/22895/5581/23236/9255/399687/85477",18
"EC","GO:0032970","regulation of actin filament-based process","20/288","402/18860",0.0497512437810945,3.25801547816473,5.69867457253442,4.06622721001094e-06,0.000627648468613528,0.000511997048302233,"11151/6717/81553/120/10391/8440/7168/11034/22843/6281/23332/5581/9475/23580/5217/822/25959/88/171024/85477",20
"EC","GO:0030832","regulation of actin filament length","12/288","153/18860",0.0784313725490196,5.13616557734205,6.3968739766268,4.16465668972205e-06,0.000627648468613528,0.000511997048302233,"11151/81553/120/8440/11034/5581/23580/5217/822/25959/88/85477",12
"EC","GO:0006887","exocytosis","19/288","370/18860",0.0513513513513514,3.3628003003003,5.7159136653947,4.51695667412413e-06,0.000653513291612279,0.000533095981371366,"11151/302/301/9146/10015/8541/2244/6281/2243/6812/8867/2266/23332/22895/9885/5217/1113/85477/91683",19
"EC","GO:0031032","actomyosin structure organization","14/288","215/18860",0.0651162790697674,4.26421188630491,5.99435714370527,5.91860929377707e-06,0.000820636774199941,0.000669425047824581,"23136/10391/10015/7168/10580/22843/6281/23332/9475/408/5217/88/399687/4629",14
"EC","GO:1903532","positive regulation of secretion by cell","17/288","310/18860",0.0548387096774194,3.59117383512545,5.72837810660056,6.12584819004656e-06,0.000820636774199941,0.000669425047824581,"302/9146/10015/2244/2746/6281/2243/6812/2266/5715/23332/10059/22895/5581/23236/9255/399687",17
"EC","GO:0006953","acute-phase response","7/288","47/18860",0.148936170212766,9.75325059101655,7.48196202577297,6.7117197612042e-06,0.000846162873332723,0.000690247670780269,"325/5004/3700/3240/5005/12/5265",7
"EC","GO:0097237","cellular response to toxic substance","11/288","134/18860",0.082089552238806,5.37572553897181,6.33003629229522,6.78427518016283e-06,0.000846162873332723,0.000690247670780269,"3240/1356/9588/6649/2876/217/5052/6648/128/847/2098",11
"EC","GO:0017157","regulation of exocytosis","13/288","189/18860",0.0687830687830688,4.50433568489124,6.02946877455524,7.06098336759904e-06,0.000851319228020191,0.000694453908048425,"302/301/9146/10015/2244/6281/2243/6812/2266/23332/22895/5217/91683",13
"EC","GO:0042743","hydrogen peroxide metabolic process","7/288","49/18860",0.142857142857143,9.35515873015873,7.29244294438776,8.93133106817735e-06,0.00104208466043863,0.000850068624247916,"4129/3240/9588/2876/5052/6648/847",7
"EC","GO:0098754","detoxification","12/288","166/18860",0.072289156626506,4.73393574297189,6.01722153896817,9.63105755964486e-06,0.00108861047478861,0.000888021524331728,"3240/1356/9588/6649/2876/217/5052/5581/6648/128/847/2098",12
"EC","GO:0032535","regulation of cellular component size","18/288","361/18860",0.0498614958448753,3.26523545706371,5.41151743846532,1.20548786594733e-05,0.00132128776094893,0.00107782535510378,"11151/81553/120/7430/8440/11034/5048/1291/5581/4478/3320/23580/5217/822/8301/25959/88/85477",18
"EC","GO:0016050","vesicle organization","19/288","401/18860",0.0473815461346633,3.1028331947908,5.30028426241135,1.41441128401784e-05,0.00150468400420368,0.00122742873966006,"11151/302/301/9146/10015/51534/6281/5798/6812/8867/91782/5048/22895/8120/8943/8301/1742/26052/399687",19
"EC","GO:0031647","regulation of protein stability","19/288","404/18860",0.047029702970297,3.07979235423542,5.26220915405631,1.56918146805491e-05,0.00160933783366678,0.00131279890219227,"9531/7532/1191/1457/7874/8613/6812/5594/3320/10598/5217/811/3303/3304/8575/5300/7534/8774/3326",19
"EC","GO:0060020","Bergmann glial cell differentiation","4/288","11/18860",0.363636363636364,23.8131313131313,9.42460858075179,1.6149894876702e-05,0.00160933783366678,0.00131279890219227,"7431/8613/5594/9283",4
"EC","GO:2001233","regulation of apoptotic signaling pathway","19/288","406/18860",0.0467980295566502,3.06462096332786,5.23702115168742,1.68063503656049e-05,0.00160933783366678,0.00131279890219227,"3958/3315/8440/1191/7164/2876/1457/2244/7178/2243/2266/2247/3685/23788/6648/3303/3304/8575/5518",19
"EC","GO:0000302","response to reactive oxygen species","13/288","205/18860",0.0634146341463415,4.15277777777778,5.65195767876746,1.69076134031898e-05,0.00160933783366678,0.00131279890219227,"824/3240/6649/2876/7168/84557/5798/5052/1291/6648/6416/847/9283",13
"EC","GO:0009636","response to toxic substance","15/288","270/18860",0.0555555555555556,3.63811728395062,5.43703993740721,1.85847840767724e-05,0.00172361958988938,0.00140602293568672,"3240/1356/9588/6649/2876/23256/217/5052/1291/5581/6648/128/847/4357/2098",15
"EC","GO:0030865","cortical cytoskeleton organization","7/288","55/18860",0.127272727272727,8.33459595959596,6.78339500683841,1.95128942948303e-05,0.00176445346661003,0.00143933270285288,"3936/23136/7430/10015/5048/9475/811",7
"EC","GO:0061045","negative regulation of wound healing","8/288","77/18860",0.103896103896104,6.8037518037518,6.35474241785063,2.26695487198e-05,0.00199989652974431,0.00163139268450833,"325/302/710/2244/2243/2266/2247/23332",8
"EC","GO:0006163","purine nucleotide metabolic process","20/288","454/18860",0.0440528634361234,2.88485070974058,5.06234118341085,2.40374904197212e-05,0.00207008578209837,0.00168864876306964,"2766/4705/2203/29789/10606/55739/4709/318/1291/57103/9555/10059/23788/55753/3303/3304/23475/51181/5224/5226",20
"EC","GO:0030866","cortical actin cytoskeleton organization","6/288","39/18860",0.153846153846154,10.0747863247863,7.06437265396777,2.57049777022782e-05,0.00212663934681753,0.00173478168564514,"3936/23136/7430/10015/9475/811",6
"EC","GO:2001234","negative regulation of apoptotic signaling pathway","14/288","245/18860",0.0571428571428571,3.74206349206349,5.37966540644695,2.58700943489e-05,0.00212663934681753,0.00173478168564514,"3958/3315/1191/2876/1457/2244/7178/2243/2266/2247/3685/6648/3303/3304",14
"EC","GO:0007160","cell-matrix adhesion","14/288","246/18860",0.056910569105691,3.72685185185185,5.36087250873163,2.70612321097725e-05,0.00217512170091216,0.00177433061061268,"10391/302/1845/2244/10580/8613/6281/2243/2266/23332/3685/9475/3679/88",14
"EC","GO:0006809","nitric oxide biosynthetic process","8/288","80/18860",0.1,6.54861111111111,6.19309473470133,3.00202035871696e-05,0.00229600641489456,0.00187294093126012,"1191/6697/8570/6648/3320/9475/1727/3326",8
"EC","GO:0072524","pyridine-containing compound metabolic process","12/288","186/18860",0.0645161290322581,4.22491039426523,5.50404129444134,3.01059317101522e-05,0.00229600641489456,0.00187294093126012,"2203/55739/1291/57103/9555/23788/55753/23475/51181/29968/5224/5226",12
"EC","GO:0010038","response to metal ion","17/288","351/18860",0.0484330484330484,3.17169199113644,5.11430408817928,3.04863775702724e-05,0.00229600641489456,0.00187294093126012,"288/2203/2244/5066/9456/84557/2243/8895/7184/2266/57103/6648/811/3208/1742/847/5224",17
"EC","GO:0030833","regulation of actin filament polymerization","10/288","130/18860",0.0769230769230769,5.03739316239316,5.75214820630846,3.13446771370826e-05,0.00229600641489456,0.00187294093126012,"11151/81553/120/8440/5581/23580/5217/822/25959/85477",10
"EC","GO:0008154","actin polymerization or depolymerization","12/288","187/18860",0.0641711229946524,4.20231729055259,5.48030023354757,3.17390989064772e-05,0.00229600641489456,0.00187294093126012,"11151/81553/120/8440/11034/5581/23580/5217/822/25959/88/85477",12
"EC","GO:0042744","hydrogen peroxide catabolic process","5/288","25/18860",0.2,13.0972222222222,7.5370099269922,3.31647308090699e-05,0.00230686214108473,0.00188179636554298,"3240/9588/2876/5052/847",5
"EC","GO:0051131","chaperone-mediated protein complex assembly","5/288","25/18860",0.2,13.0972222222222,7.5370099269922,3.31647308090699e-05,0.00230686214108473,0.00188179636554298,"325/1191/3320/3303/3326",5
"EC","GO:0019751","polyol metabolic process","9/288","110/18860",0.0818181818181818,5.35795454545454,5.7082717396079,4.81075113289131e-05,0.00328311072597507,0.00267815996534148,"5092/6697/8613/8867/51477/23236/4204/3612/6652",9
"EC","GO:0042730","fibrinolysis","5/288","27/18860",0.185185185185185,12.1270576131687,7.20491235639616,4.91487674189438e-05,0.00329205725470963,0.00268545799367056,"302/710/2244/2243/2266",5
"EC","GO:0002526","acute inflammatory response","9/288","112/18860",0.0803571428571429,5.26227678571429,5.63377403987303,5.5436233869375e-05,0.00355284174123961,0.00289818995116471,"325/5004/3700/3240/5005/12/5265/718/1991",9
"EC","GO:0061041","regulation of wound healing","10/288","139/18860",0.0719424460431655,4.71123101518785,5.46873783258031,5.55739247668542e-05,0.00355284174123961,0.00289818995116471,"325/302/301/710/2244/2243/2266/2247/23332/5581",10
"EC","GO:0031589","cell-substrate adhesion","17/288","369/18860",0.046070460704607,3.01697530864198,4.87258924330243,5.6900491042262e-05,0.00355284174123961,0.00289818995116471,"11151/10391/302/1845/2244/10580/8613/6281/2243/2266/23332/3685/5581/9475/811/3679/88",17
"EC","GO:0032984","protein-containing complex disassembly","14/288","264/18860",0.053030303030303,3.47274831649832,5.03846616154663,5.84732012982156e-05,0.00355284174123961,0.00289818995116471,"120/9829/3831/51534/11034/84557/8867/91782/23332/3796/822/88/85477/3159",14
"EC","GO:0034599","cellular response to oxidative stress","14/288","264/18860",0.053030303030303,3.47274831649832,5.03846616154663,5.84732012982156e-05,0.00355284174123961,0.00289818995116471,"6649/2876/7168/5066/318/84557/5052/6648/6416/3303/3304/847/9283/8575",14
"EC","GO:0031639","plasminogen activation","5/288","28/18860",0.178571428571429,11.6939484126984,7.05172088823066,5.90902898684255e-05,0.00355284174123961,0.00289818995116471,"302/2244/6281/2243/2266",5
"EC","GO:0006900","vesicle budding from membrane","8/288","88/18860",0.0909090909090909,5.95328282828283,5.79969862462811,5.9917983471279e-05,0.00355284174123961,0.00289818995116471,"302/6281/91782/8120/8943/8301/26052/399687",8
"EC","GO:0016197","endosomal transport","15/288","300/18860",0.05,3.27430555555556,4.94477676962465,6.24800453803444e-05,0.0036450052280759,0.00297337125978107,"11151/7430/9146/51534/7874/1639/91782/5594/4478/51699/8943/8301/29934/65009/88",15
"EC","GO:0046209","nitric oxide metabolic process","8/288","89/18860",0.0898876404494382,5.88639200998752,5.75394677600733,6.49761023295838e-05,0.00367243478946001,0.00299574661026335,"1191/6697/8570/6648/3320/9475/1727/3326",8
"EC","GO:0044282","small molecule catabolic process","17/288","373/18860",0.0455764075067024,2.98462168602919,4.82086715950512,6.4980875456301e-05,0.00367243478946001,0.00299574661026335,"2639/2746/1737/217/57103/10247/128/1384/10455/23475/51181/2875/5224/6652/4357/2098/11112",17
"EC","GO:0035966","response to topologically incorrect protein","11/288","172/18860",0.063953488372093,4.18806524547804,5.23041619876724,6.97618619808673e-05,0.00382369403019095,0.00311913460315331,"22824/9531/3315/8440/1191/23071/3320/3303/26353/3326/11080",11
"EC","GO:0098869","cellular oxidant detoxification","8/288","90/18860",0.0888888888888889,5.82098765432099,5.70888604809447,7.03841208915541e-05,0.00382369403019095,0.00311913460315331,"3240/1356/9588/6649/2876/5052/6648/847",8
"EC","GO:0031113","regulation of microtubule polymerization","7/288","67/18860",0.104477611940299,6.84183250414594,5.96505815275817,7.15421716036316e-05,0.00382369403019095,0.00311913460315331,"22924/1639/23332/3303/3304/221074/4204",7
"EC","GO:0030038","contractile actin filament bundle assembly","9/288","116/18860",0.0775862068965517,5.08081896551724,5.48998834368704,7.29430157819119e-05,0.00382369403019095,0.00311913460315331,"10391/7168/10580/22843/6281/23332/9475/408/5217",9
"EC","GO:0043149","stress fiber assembly","9/288","116/18860",0.0775862068965517,5.08081896551724,5.48998834368704,7.29430157819119e-05,0.00382369403019095,0.00311913460315331,"10391/7168/10580/22843/6281/23332/9475/408/5217",9
"EC","GO:0042060","wound healing","19/288","453/18860",0.0419426048565121,2.74665808192298,4.68588611338809,7.40851087320766e-05,0.00382808340405602,0.00312271518460167,"325/79026/3315/302/5265/301/710/2876/7168/2244/6281/2243/6812/2266/91782/2247/23332/3685/5581",19
"EC","GO:2001057","reactive nitrogen species metabolic process","8/288","91/18860",0.0879120879120879,5.75702075702076,5.66449779516461,7.61607599072705e-05,0.00387990800823377,0.00316499051178769,"1191/6697/8570/6648/3320/9475/1727/3326",8
"EC","GO:0061684","chaperone-mediated autophagy","4/288","16/18860",0.25,16.3715277777778,7.65978737519933,8.38524452612521e-05,0.0042115518478709,0.0034355251748562,"9531/1191/1917/3320",4
"EC","GO:1901605","alpha-amino acid metabolic process","12/288","207/18860",0.0579710144927536,3.7962962962963,5.03756023043542,8.49995258210052e-05,0.0042115518478709,0.0034355251748562,"2639/5092/4594/4507/2746/10247/23475/2875/29968/4204/4357/11112",12
"EC","GO:0007020","microtubule nucleation","6/288","48/18860",0.125,8.18576388888889,6.20729396611776,8.61708456098551e-05,0.00421189119690332,0.00343580199494202,"1639/11076/23332/3303/3304/4204",6
"EC","GO:1903829","positive regulation of protein localization","19/288","459/18860",0.0413943355119826,2.7107540547083,4.62061139442653,8.80815865925809e-05,0.00424012347803507,0.00345883215486295,"3958/9531/7430/2244/10580/2746/2243/2266/5715/10059/1981/5581/4478/3320/10527/9475/23236/399687/3326",19
"EC","GO:0042176","regulation of protein catabolic process","17/288","383/18860",0.0443864229765013,2.90669422686394,4.69451732141583,8.97697924171047e-05,0.00424012347803507,0.00345883215486295,"6449/302/7430/1191/9146/2876/1457/7874/1917/4478/9097/3320/3303/3304/29934/5300/3326",17
"EC","GO:0046034","ATP metabolic process","13/288","241/18860",0.053941908713693,3.53244582757031,4.92716091406919,9.02652772487422e-05,0.00424012347803507,0.00345883215486295,"4705/2203/29789/4709/318/1291/57103/10059/23788/55753/3303/3304/5224",13
"EC","GO:0046496","nicotinamide nucleotide metabolic process","11/288","179/18860",0.0614525139664804,4.02428615766605,5.06262283378711,9.97821724859077e-05,0.00462707843437856,0.00377448622777327,"2203/55739/1291/57103/9555/23788/55753/23475/51181/5224/5226",11
"EC","GO:0051261","protein depolymerization","9/288","121/18860",0.0743801652892562,4.87086776859504,5.31929470215528,0.000101158337541477,0.00463151527705725,0.00377810553136256,"120/9829/11034/8867/23332/3796/822/88/85477",9
"EC","GO:0032386","regulation of intracellular transport","14/288","279/18860",0.050179211469534,3.28604141776185,4.79046742305475,0.000105421508443385,0.00476636995049655,0.00388811168640538,"3936/9531/7529/302/7430/7874/23256/23209/5594/4478/3320/29934/65009/88",14
"EC","GO:0006986","response to unfolded protein","10/288","152/18860",0.0657894736842105,4.30829678362573,5.09963170709731,0.000117593613165769,0.0052510629484023,0.00428349444709097,"22824/9531/3315/8440/23071/3320/3303/26353/3326/11080",10
"EC","GO:0006605","protein targeting","15/288","319/18860",0.0470219435736677,3.0792842215256,4.66411080290029,0.000123870268726304,0.00546388734125663,0.00445710350757165,"54557/6449/9531/7529/288/7532/1191/9146/1457/8943/3208/10971/5300/7534/6745",15
"EC","GO:0031116","positive regulation of microtubule polymerization","5/288","33/18860",0.151515151515152,9.92213804713805,6.38795111298969,0.000134063065904788,0.00577269177830497,0.00470900718961303,"1639/23332/3303/3304/4204",5
"EC","GO:0070841","inclusion body assembly","5/288","33/18860",0.151515151515152,9.92213804713805,6.38795111298969,0.000134063065904788,0.00577269177830497,0.00470900718961303,"9531/1191/3320/3303/3304",5
"EC","GO:0099504","synaptic vesicle cycle","12/288","220/18860",0.0545454545454545,3.5719696969697,4.77837765045795,0.000151106519995713,0.00636339303905753,0.00519086497634802,"824/9829/8541/6812/8867/22895/8120/8943/9885/5217/26052/91683",12
"EC","GO:0051656","establishment of organelle localization","17/288","400/18860",0.0425,2.78315972222222,4.48880386620987,0.000151299917434047,0.00636339303905753,0.00519086497634802,"2697/3800/7430/9146/10015/1639/6812/8867/5048/23332/10059/8120/8943/1113/7534/26052/10128",17
"EC","GO:0030041","actin filament polymerization","10/288","157/18860",0.0636942675159236,4.17108987968861,4.96854213939255,0.000153554063632971,0.00638396607080983,0.00520764719132749,"11151/81553/120/8440/5581/23580/5217/822/25959/85477",10
"EC","GO:1903035","negative regulation of response to wounding","8/288","101/18860",0.0792079207920792,5.18701870187019,5.25396266769085,0.000158824971327124,0.00652806728738874,0.00532519610801351,"325/302/710/2244/2243/2266/2247/23332",8
"EC","GO:0010968","regulation of microtubule nucleation","4/288","19/18860",0.210526315789474,13.7865497076023,6.94391560098938,0.000172239085126947,0.00692209745449076,0.00564662170305068,"1639/3303/3304/4204",4
"EC","GO:2000641","regulation of early endosome to late endosome transport","4/288","19/18860",0.210526315789474,13.7865497076023,6.94391560098938,0.000172239085126947,0.00692209745449076,0.00564662170305068,"7430/5594/4478/29934",4
"EC","GO:2001237","negative regulation of extrinsic apoptotic signaling pathway","8/288","103/18860",0.0776699029126214,5.08629989212513,5.1783737913028,0.000182017189619356,0.00717690012212398,0.00585447406030398,"3958/2876/2244/2243/2266/3685/3303/3304",8
"EC","GO:0006066","alcohol metabolic process","16/288","368/18860",0.0434782608695652,2.84722222222222,4.45633004526233,0.000182547639268843,0.00717690012212398,0.00585447406030398,"5092/6697/8613/217/8867/5594/51477/4597/23236/27122/1727/10577/847/4204/3612/6652",16
"EC","GO:0099003","vesicle-mediated transport in synapse","13/288","259/18860",0.0501930501930502,3.28694766194766,4.61492022374324,0.000184778535523127,0.00718649422566827,0.00586230034036586,"824/9829/8541/6812/8867/22895/8120/8943/9885/5217/3208/26052/91683",13
"EC","GO:0031338","regulation of vesicle fusion","5/288","36/18860",0.138888888888889,9.09529320987654,6.0541630531351,0.000205133727732605,0.00789328397030672,0.00643885597798983,"11151/302/301/6812/22895",5
"EC","GO:0062197","cellular response to chemical stress","15/288","335/18860",0.0447761194029851,2.93221393034826,4.44349545893364,0.000211072672364301,0.00803631427307029,0.00655553130899874,"6649/2203/2876/7168/5066/318/84557/5052/6648/6416/3303/3304/847/9283/8575",15
"EC","GO:0009205","purine ribonucleoside triphosphate metabolic process","13/288","264/18860",0.0492424242424242,3.22469486531987,4.53303303206932,0.000222760376030838,0.00839296125107857,0.00684646199577237,"4705/2203/29789/4709/318/1291/57103/10059/23788/55753/3303/3304/5224",13
"EC","GO:0031638","zymogen activation","6/288","57/18860",0.105263157894737,6.89327485380117,5.54889859042485,0.000227173008793164,0.00847097703922552,0.00691010248125057,"3240/302/2244/6281/2243/2266",6
"EC","GO:0051223","regulation of protein transport","18/288","458/18860",0.0393013100436681,2.57368995633188,4.24566413881873,0.000254887298614816,0.00931239756656352,0.00759648163761115,"3936/9531/6717/7529/5910/2244/2746/23256/2243/2266/5715/10059/5581/3320/23236/29934/1113/399687",18
"EC","GO:0072657","protein localization to membrane","18/288","458/18860",0.0393013100436681,2.57368995633188,4.24566413881873,0.000254887298614816,0.00931239756656352,0.00759648163761115,"3958/23136/288/7430/9146/10580/6281/6812/7184/5581/9475/1741/375790/8943/8301/1742/88/1363",18
"EC","GO:0070507","regulation of microtubule cytoskeleton organization","10/288","168/18860",0.0595238095238095,3.8979828042328,4.69838710071722,0.000266193852913175,0.0095404331877523,0.00778249908335483,"22924/1639/91782/5048/11076/23332/3303/3304/221074/4204",10
"EC","GO:0031112","positive regulation of microtubule polymerization or depolymerization","5/288","38/18860",0.131578947368421,8.61659356725146,5.85256077181986,0.000266404133802318,0.0095404331877523,0.00778249908335483,"1639/23332/3303/3304/4204",5
"EC","GO:0046785","microtubule polymerization","8/288","110/18860",0.0727272727272727,4.76262626262626,4.9284803082809,0.000286153077184291,0.0100487938573191,0.00819718847607513,"22924/1639/11076/23332/3303/3304/221074/4204",8
"EC","GO:0009144","purine nucleoside triphosphate metabolic process","13/288","271/18860",0.047970479704797,3.14140016400164,4.42161271004816,0.000287056698362711,0.0100487938573191,0.00819718847607513,"4705/2203/29789/4709/318/1291/57103/10059/23788/55753/3303/3304/5224",13
"EC","GO:0007163","establishment or maintenance of cell polarity","12/288","236/18860",0.0508474576271186,3.32980225988701,4.48502449025521,0.000288934078286201,0.0100487938573191,0.00819718847607513,"2697/7430/10015/10486/1639/5048/23332/4478/9475/1741/1742/399687",12
"EC","GO:0051650","establishment of vesicle localization","11/288","203/18860",0.0541871921182266,3.54850848385331,4.54610469881657,0.000299804586062897,0.0102463087081043,0.00835830895298996,"3800/9146/10015/1639/6812/8867/5048/23332/8120/8943/26052",11
"EC","GO:0072593","reactive oxygen species metabolic process","12/288","237/18860",0.0506329113924051,3.31575246132208,4.46753251823684,0.000300278883897998,0.0102463087081043,0.00835830895298996,"4129/3240/9588/6649/2876/5052/1291/57103/5581/6648/51181/847",12
"EC","GO:0032231","regulation of actin filament bundle assembly","8/288","112/18860",0.0714285714285714,4.67757936507936,4.86093517577244,0.000323514390921029,0.010935995812723,0.00892091330793552,"10391/7168/22843/6281/23332/9475/5217/171024",8
"EC","GO:0170039","proteinogenic amino acid metabolic process","10/288","175/18860",0.0571428571428571,3.74206349206349,4.53812251701136,0.000368858005187919,0.0123533278218954,0.0100770856583015,"2639/5092/4507/2746/10247/23475/2875/29968/4204/11112",10
"EC","GO:0006418","tRNA aminoacylation for protein translation","5/288","41/18860",0.121951219512195,7.98611111111111,5.57641879757903,0.000383167014184695,0.0124242837957743,0.0101349671811636,"16/10056/57470/8565/54938",5
"EC","GO:0007051","spindle organization","11/288","209/18860",0.0526315789473684,3.44663742690058,4.42912496314427,0.000384254918445805,0.0124242837957743,0.0101349671811636,"22924/7430/1639/91782/11076/23332/3796/5524/3303/3304/5518",11
"EC","GO:1902965","regulation of protein localization to early endosome","3/288","10/18860",0.3,19.6458333333333,7.34433295411762,0.000390557253841363,0.0124242837957743,0.0101349671811636,"7430/4478/9475",3
"EC","GO:1902966","positive regulation of protein localization to early endosome","3/288","10/18860",0.3,19.6458333333333,7.34433295411762,0.000390557253841363,0.0124242837957743,0.0101349671811636,"7430/4478/9475",3
"EC","GO:0009895","negative regulation of catabolic process","16/288","394/18860",0.0406091370558376,2.65933446136492,4.14497451552757,0.00039064052201561,0.0124242837957743,0.0101349671811636,"6449/3240/302/2203/1457/7874/23256/57103/23788/1981/9097/29934/81892/5300/3326/10128",16
"EC","GO:0015980","energy derivation by oxidation of organic compounds","17/288","434/18860",0.0391705069124424,2.56512416794675,4.10775341767442,0.000391586495083846,0.0124242837957743,0.0101349671811636,"2992/55276/4705/8050/2203/10580/1737/4709/1291/57103/9555/23788/6648/55753/56270/847/5224",17
"EC","GO:0048041","focal adhesion assembly","7/288","88/18860",0.0795454545454545,5.20912247474747,4.92837632616005,0.000397821923713607,0.0125060669295093,0.0102016808356488,"10391/1845/10580/6281/23332/9475/88",7
"EC","GO:0170033","L-amino acid metabolic process","10/288","177/18860",0.0564971751412429,3.69978028876334,4.49384392705735,0.000403614571657568,0.0125060669295093,0.0102016808356488,"2639/5092/4507/2746/10247/23475/2875/29968/4204/11112",10
"EC","GO:0030100","regulation of endocytosis","14/288","318/18860",0.0440251572327044,2.88303633822502,4.21716126889587,0.000404536862248435,0.0125060669295093,0.0102016808356488,"3958/302/9829/718/1191/721/3685/408/811/3208/8301/29934/1742/399687",14
"EC","GO:0032233","positive regulation of actin filament bundle assembly","6/288","64/18860",0.09375,6.13932291666667,5.12848880486894,0.000429335777265258,0.0131602331048173,0.0107353093994159,"7168/22843/6281/9475/5217/171024",6
"EC","GO:0051651","maintenance of location in cell","11/288","212/18860",0.0518867924528302,3.3978642557652,4.3722262837465,0.000433461973200857,0.0131750584627521,0.0107474030153207,"11151/6717/288/1627/5334/7184/5048/2247/5581/23236/811",11
"EC","GO:1903034","regulation of response to wounding","10/288","179/18860",0.0558659217877095,3.65844196151459,4.450203543916,0.000441055065084327,0.0132914278514165,0.0108423300110649,"325/302/301/710/2244/2243/2266/2247/23332/5581",10
"EC","GO:0030449","regulation of complement activation","4/288","24/18860",0.166666666666667,10.9143518518519,6.05204075849112,0.000444639969593973,0.0132914278514165,0.0108423300110649,"710/718/1191/2",4
"EC","GO:0016054","organic acid catabolic process","12/288","248/18860",0.0483870967741935,3.16868279569892,4.28106270790763,0.000452166318305148,0.0132966306773148,0.0108465741566909,"2639/2746/1737/10247/1384/10455/23475/51181/2875/6652/4357/11112",12
"EC","GO:0046395","carboxylic acid catabolic process","12/288","248/18860",0.0483870967741935,3.16868279569892,4.28106270790763,0.000452166318305148,0.0132966306773148,0.0108465741566909,"2639/2746/1737/10247/1384/10455/23475/51181/2875/6652/4357/11112",12
"EC","GO:0006956","complement activation","6/288","65/18860",0.0923076923076923,6.0448717948718,5.07354928997073,0.000467019421012584,0.013349341724357,0.0108895725894891,"710/718/1191/2/721/714",6
"EC","GO:0031122","cytoplasmic microtubule organization","6/288","65/18860",0.0923076923076923,6.0448717948718,5.07354928997073,0.000467019421012584,0.013349341724357,0.0108895725894891,"7430/7461/84056/5048/11076/23332",6
"EC","GO:0045428","regulation of nitric oxide biosynthetic process","6/288","65/18860",0.0923076923076923,6.0448717948718,5.07354928997073,0.000467019421012584,0.013349341724357,0.0108895725894891,"1191/8570/6648/3320/9475/3326",6
"EC","GO:0022604","regulation of cell morphogenesis","12/288","249/18860",0.0481927710843374,3.15595716198126,4.26462828438401,0.000468721702790529,0.013349341724357,0.0108895725894891,"23136/11151/22924/301/7430/1627/7168/5048/4478/23580/3679/1742",12
"EC","GO:0009141","nucleoside triphosphate metabolic process","13/288","287/18860",0.0452961672473868,2.96626984126984,4.17993254898082,0.000495768682570658,0.0140093384754537,0.0114279573786641,"4705/2203/29789/4709/318/1291/57103/10059/23788/55753/3303/3304/5224",13
"EC","GO:0000338","protein deneddylation","3/288","11/18860",0.272727272727273,17.8598484848485,6.96517591204221,0.00053096001345311,0.0145482616501621,0.0118675777848477,"10920/10980/51138",3
"EC","GO:0016185","synaptic vesicle budding from presynaptic endocytic zone membrane","3/288","11/18860",0.272727272727273,17.8598484848485,6.96517591204221,0.00053096001345311,0.0145482616501621,0.0118675777848477,"8120/8943/26052",3
"EC","GO:0030953","astral microtubule organization","3/288","11/18860",0.272727272727273,17.8598484848485,6.96517591204221,0.00053096001345311,0.0145482616501621,0.0118675777848477,"7430/11076/23332",3
"EC","GO:0043039","tRNA aminoacylation","5/288","44/18860",0.113636363636364,7.44160353535353,5.327002667358,0.000534951285449699,0.0145482616501621,0.0118675777848477,"16/10056/57470/8565/54938",5
"EC","GO:1900026","positive regulation of substrate adhesion-dependent cell spreading","5/288","44/18860",0.113636363636364,7.44160353535353,5.327002667358,0.000534951285449699,0.0145482616501621,0.0118675777848477,"2244/6281/2243/2266/811",5
"EC","GO:0090277","positive regulation of peptide hormone secretion","8/288","121/18860",0.0661157024793388,4.32966023875115,4.57557455505502,0.000544167100320971,0.0146884507601564,0.0119819354454021,"2244/2746/2243/2266/5715/5581/23236/9255",8
"EC","GO:0007009","plasma membrane organization","10/288","185/18860",0.0540540540540541,3.53978978978979,4.32294359078512,0.000571099905734827,0.0153012471040213,0.0124818170430778,"23136/79026/302/288/1191/6281/91782/1291/9885/92154",10
"EC","GO:0015833","peptide transport","13/288","292/18860",0.0445205479452055,2.91547754946728,4.10782718615164,0.000582909711624227,0.0154263533924085,0.0125838710646861,"2697/6717/2244/2746/2243/5798/2266/5715/5581/23236/1113/9255/1363",13
"EC","GO:0031109","microtubule polymerization or depolymerization","9/288","153/18860",0.0588235294117647,3.85212418300654,4.41101271775168,0.00058429925760574,0.0154263533924085,0.0125838710646861,"22924/1639/11076/23332/3796/3303/3304/221074/4204",9
"EC","GO:0043038","amino acid activation","5/288","45/18860",0.111111111111111,7.27623456790124,5.24903596842557,0.000594391433446693,0.0155400920530612,0.0126766520741907,"16/10056/57470/8565/54938",5
"EC","GO:0046879","hormone secretion","14/288","331/18860",0.0422960725075529,2.76980530379322,4.04519754632112,0.000601496512974443,0.0155400920530612,0.0126766520741907,"2697/6717/301/2244/2746/2243/5798/2266/5715/5581/23236/1113/9255/1363",14
"EC","GO:0070371","ERK1 and ERK2 cascade","14/288","331/18860",0.0422960725075529,2.76980530379322,4.04519754632112,0.000601496512974443,0.0155400920530612,0.0126766520741907,"10457/7430/1845/2244/2243/2266/2247/3685/5594/408/65009/23014/5300/7534",14
"EC","GO:0006091","generation of precursor metabolites and energy","18/288","494/18860",0.0364372469635627,2.38613360323887,3.88765316939542,0.000624412652380121,0.0160177344940347,0.0130662834238259,"2992/55276/4705/8050/2203/10580/1737/4709/1291/57103/9555/23788/6648/55753/56270/847/5224/5226",18
"EC","GO:0002793","positive regulation of peptide secretion","8/288","124/18860",0.0645161290322581,4.22491039426523,4.48658905351122,0.000640219804758526,0.0161810101367158,0.0131994736589539,"2244/2746/2243/2266/5715/5581/23236/9255",8
"EC","GO:0030072","peptide hormone secretion","12/288","258/18860",0.0465116279069767,3.04586563307494,4.12034305718826,0.000642118649421944,0.0161810101367158,0.0131994736589539,"6717/2244/2746/2243/5798/2266/5715/5581/23236/1113/9255/1363",12
"EC","GO:0080164","regulation of nitric oxide metabolic process","6/288","69/18860",0.0869565217391304,5.69444444444444,4.86474454306285,0.00064419835766853,0.0161810101367158,0.0131994736589539,"1191/8570/6648/3320/9475/3326",6
"EC","GO:1904951","positive regulation of establishment of protein localization","14/288","334/18860",0.0419161676646707,2.74492681304059,4.00669105420123,0.000657024376314134,0.0162753354382927,0.0132764184431804,"9531/10391/288/2244/2746/2243/2266/5715/10059/5581/3320/23236/3208/399687",14
"EC","GO:0051235","maintenance of location","11/288","223/18860",0.0493273542600897,3.23025660189337,4.17201152212565,0.000661452670563734,0.0162753354382927,0.0132764184431804,"11151/6717/288/1627/5334/7184/5048/2247/5581/23236/811",11
"EC","GO:0051648","vesicle localization","11/288","223/18860",0.0493273542600897,3.23025660189337,4.17201152212565,0.000661452670563734,0.0162753354382927,0.0132764184431804,"3800/9146/10015/1639/6812/8867/5048/23332/8120/8943/26052",11
"EC","GO:0016082","synaptic vesicle priming","4/288","27/18860",0.148148148148148,9.70164609053498,5.63442732286059,0.000708404726190376,0.0172725429719416,0.0140898790653354,"6812/8867/22895/9885",4
"EC","GO:0048259","regulation of receptor-mediated endocytosis","8/288","126/18860",0.0634920634920635,4.15784832451499,4.42881477917396,0.000711531352728585,0.0172725429719416,0.0140898790653354,"302/9829/718/1191/408/3208/8301/1742",8
"EC","GO:0050905","neuromuscular process","10/288","191/18860",0.0523560209424084,3.42859220477022,4.20084820734289,0.000731393336933999,0.0176363313312685,0.0143866352521123,"23336/1639/16/1200/9456/5048/3320/1742/4204/6507",10
"EC","GO:0050714","positive regulation of protein secretion","9/288","158/18860",0.0569620253164557,3.73022151898734,4.29149527928865,0.000736289100552309,0.0176368058059451,0.0143870222993944,"2244/2746/2243/2266/5715/10059/5581/23236/399687",9
"EC","GO:0042177","negative regulation of protein catabolic process","8/288","127/18860",0.062992125984252,4.12510936132983,4.40037461227985,0.000749511728310454,0.0178354205348613,0.014549039989295,"6449/302/1457/7874/9097/29934/5300/3326",8
"EC","GO:0051492","regulation of stress fiber assembly","7/288","98/18860",0.0714285714285714,4.67757936507936,4.54529172853533,0.000761890365533689,0.0180114866152638,0.0146926638774746,"10391/7168/22843/6281/23332/9475/5217",7
"EC","GO:0048489","synaptic vesicle transport","5/288","48/18860",0.104166666666667,6.82146990740741,5.02877294452457,0.000802596064226689,0.0186460028912229,0.0152102632609455,"3800/8867/8120/8943/26052",5
"EC","GO:0098927","vesicle-mediated transport between endosomal compartments","5/288","48/18860",0.104166666666667,6.82146990740741,5.02877294452457,0.000802596064226689,0.0186460028912229,0.0152102632609455,"11151/7430/5594/4478/29934",5
"EC","GO:0007044","cell-substrate junction assembly","7/288","99/18860",0.0707070707070707,4.63033108866442,4.50984978974041,0.000809350968737073,0.0186460028912229,0.0152102632609455,"10391/1845/10580/6281/23332/9475/88",7
"EC","GO:0010657","muscle cell apoptotic process","7/288","99/18860",0.0707070707070707,4.63033108866442,4.50984978974041,0.000809350968737073,0.0186460028912229,0.0152102632609455,"824/9531/1291/57103/6648/3320/6416",7
"EC","GO:0002790","peptide secretion","12/288","266/18860",0.0451127819548872,2.95426065162907,3.99726673472943,0.000838650168280809,0.019063960472048,0.015551207369629,"6717/2244/2746/2243/5798/2266/5715/5581/23236/1113/9255/1363",12
"EC","GO:0006874","intracellular calcium ion homeostasis","13/288","304/18860",0.0427631578947368,2.80039290935673,3.94083399031592,0.00084622131887687,0.019063960472048,0.015551207369629,"11151/6717/5910/5334/7178/1991/7184/794/2247/5581/9885/23236/811",13
"EC","GO:0009914","hormone transport","14/288","343/18860",0.0408163265306122,2.67290249433107,3.89366525789574,0.000850394026340143,0.019063960472048,0.015551207369629,"2697/6717/301/2244/2746/2243/5798/2266/5715/5581/23236/1113/9255/1363",14
"EC","GO:0010810","regulation of cell-substrate adhesion","11/288","230/18860",0.0478260869565217,3.13194444444444,4.05097544375776,0.000852938673848482,0.019063960472048,0.015551207369629,"10391/1845/2244/8613/6281/2243/2266/23332/5581/9475/811",11
"EC","GO:2001242","regulation of intrinsic apoptotic signaling pathway","10/288","195/18860",0.0512820512820513,3.35826210826211,4.12212937452458,0.000857576785794602,0.019063960472048,0.015551207369629,"3315/8440/1191/2876/7178/2247/23788/6648/3303/8575",10
"EC","GO:0043279","response to alkaloid","7/288","100/18860",0.07,4.58402777777778,4.4748778669239,0.00085911682525403,0.019063960472048,0.015551207369629,"22924/84152/5520/9456/5581/3320/6507",7
"EC","GO:1902041","regulation of extrinsic apoptotic signaling pathway via death domain receptors","5/288","49/18860",0.102040816326531,6.68225623582766,4.95951432323986,0.000882783292855847,0.0192559762802696,0.0157078420655664,"3958/2876/2244/2243/2266",5
"EC","GO:0034116","positive regulation of heterotypic cell-cell adhesion","3/288","13/18860",0.230769230769231,15.1121794871795,6.33827223976928,0.000899712466509696,0.0192559762802696,0.0157078420655664,"2244/2243/2266",3
"EC","GO:0070142","synaptic vesicle budding","3/288","13/18860",0.230769230769231,15.1121794871795,6.33827223976928,0.000899712466509696,0.0192559762802696,0.0157078420655664,"8120/8943/26052",3
"EC","GO:0110095","cellular detoxification of aldehyde","3/288","13/18860",0.230769230769231,15.1121794871795,6.33827223976928,0.000899712466509696,0.0192559762802696,0.0157078420655664,"217/128/2098",3
"EC","GO:1902946","protein localization to early endosome","3/288","13/18860",0.230769230769231,15.1121794871795,6.33827223976928,0.000899712466509696,0.0192559762802696,0.0157078420655664,"7430/4478/9475",3
"EC","GO:1905668","positive regulation of protein localization to endosome","3/288","13/18860",0.230769230769231,15.1121794871795,6.33827223976928,0.000899712466509696,0.0192559762802696,0.0157078420655664,"7430/4478/9475",3
"EC","GO:0042026","protein refolding","4/288","29/18860",0.137931034482759,9.03256704980843,5.39067194646271,0.000936001297005147,0.0197983432237872,0.0161502716867062,"3315/3320/3303/3304",4
"EC","GO:0045907","positive regulation of vasoconstriction","4/288","29/18860",0.137931034482759,9.03256704980843,5.39067194646271,0.000936001297005147,0.0197983432237872,0.0161502716867062,"120/2244/2243/2266",4
"EC","GO:0006090","pyruvate metabolic process","8/288","132/18860",0.0606060606060606,3.96885521885522,4.26242274785715,0.000964643434219404,0.0202548795837433,0.0165226859925301,"8050/2203/1737/1291/57103/23788/55753/5224",8
"EC","GO:0002920","regulation of humoral immune response","5/288","50/18860",0.1,6.54861111111111,4.89216536064328,0.000968784674588771,0.0202548795837433,0.0165226859925301,"3263/710/718/1191/2",5
"EC","GO:0046883","regulation of hormone secretion","12/288","272/18860",0.0441176470588235,2.8890931372549,3.9079385588342,0.0010170243347623,0.0209057557110658,0.017053630737342,"2697/6717/301/2244/2746/2243/2266/5715/5581/23236/1113/9255",12
"EC","GO:0042325","regulation of phosphorylation","16/288","431/18860",0.037122969837587,2.43103892755865,3.74253124187913,0.00102059011299033,0.0209057557110658,0.017053630737342,"3315/7532/718/7164/10920/9146/22843/1991/2247/57103/1917/5594/408/5217/171024/5300",16
"EC","GO:0009408","response to heat","7/288","103/18860",0.0679611650485437,4.45051240560949,4.37267050375025,0.00102303532232752,0.0209057557110658,0.017053630737342,"9531/3315/3320/3303/3304/3326/11080",7
"EC","GO:0034109","homotypic cell-cell adhesion","7/288","103/18860",0.0679611650485437,4.45051240560949,4.37267050375025,0.00102303532232752,0.0209057557110658,0.017053630737342,"3315/288/2244/8613/2243/6812/2266",7
"EC","GO:0072522","purine-containing compound biosynthetic process","12/288","273/18860",0.043956043956044,2.87851037851038,3.89328780581454,0.0010496181725817,0.0213173524793978,0.0173893860860998,"2639/55276/4705/8050/4594/4507/10606/1737/55739/4709/318/23475",12
"EC","GO:0042220","response to cocaine","5/288","51/18860",0.0980392156862745,6.42020697167756,4.82663371208691,0.00106085801666895,0.0213173524793978,0.0173893860860998,"22924/84152/9456/3320/6507",5
"EC","GO:1903573","negative regulation of response to endoplasmic reticulum stress","5/288","51/18860",0.0980392156862745,6.42020697167756,4.82663371208691,0.00106085801666895,0.0213173524793978,0.0173893860860998,"6449/8440/1191/9097/3303",5
"EC","GO:0048488","synaptic vesicle endocytosis","6/288","76/18860",0.0789473684210526,5.16995614035088,4.53597320144551,0.00107495732699706,0.0214813295676706,0.017523148517434,"824/9829/8867/8120/8943/26052",6
"EC","GO:0031110","regulation of microtubule polymerization or depolymerization","7/288","104/18860",0.0673076923076923,4.40771901709402,4.33946881928693,0.00108281812074363,0.0215195227622511,0.0175543041783944,"22924/1639/23332/3303/3304/221074/4204",7
"EC","GO:2001236","regulation of extrinsic apoptotic signaling pathway","9/288","167/18860",0.0538922155688623,3.52919161676647,4.08814887570422,0.00109048589082534,0.0215534834268594,0.0175820072015153,"3958/2876/2244/2243/2266/3685/3303/3304/5518",9
"EC","GO:0001765","membrane raft assembly","3/288","14/18860",0.214285714285714,14.0327380952381,6.07458102042364,0.0011322036067618,0.0216137032987345,0.0176311308721542,"302/6281/1291",3
"EC","GO:0045916","negative regulation of complement activation","3/288","14/18860",0.214285714285714,14.0327380952381,6.07458102042364,0.0011322036067618,0.0216137032987345,0.0176311308721542,"710/1191/2",3
"EC","GO:0046185","aldehyde catabolic process","3/288","14/18860",0.214285714285714,14.0327380952381,6.07458102042364,0.0011322036067618,0.0216137032987345,0.0176311308721542,"217/128/2098",3
"EC","GO:0098840","protein transport along microtubule","3/288","14/18860",0.214285714285714,14.0327380952381,6.07458102042364,0.0011322036067618,0.0216137032987345,0.0176311308721542,"9531/3800/3315",3
"EC","GO:0099118","microtubule-based protein transport","3/288","14/18860",0.214285714285714,14.0327380952381,6.07458102042364,0.0011322036067618,0.0216137032987345,0.0176311308721542,"9531/3800/3315",3
"EC","GO:1905666","regulation of protein localization to endosome","3/288","14/18860",0.214285714285714,14.0327380952381,6.07458102042364,0.0011322036067618,0.0216137032987345,0.0176311308721542,"7430/4478/9475",3
"EC","GO:0072594","establishment of protein localization to organelle","17/288","478/18860",0.0355648535564854,2.3290039516504,3.6649670658363,0.00114443579126625,0.0216137032987345,0.0176311308721542,"54557/6449/9531/7529/80273/1191/3839/9146/1457/7874/9555/23788/3320/10527/8943/5300/1434",17
"EC","GO:0016079","synaptic vesicle exocytosis","7/288","105/18860",0.0666666666666667,4.36574074074074,4.30668404728017,0.00114531059600961,0.0216137032987345,0.0176311308721542,"8541/6812/8867/22895/9885/5217/91683",7
"EC","GO:0032886","regulation of microtubule-based process","12/288","276/18860",0.0434782608695652,2.84722222222222,3.84973046436621,0.00115265520499827,0.0216137032987345,0.0176311308721542,"22924/10015/1639/91782/5048/11076/23332/9475/3303/3304/221074/4204",12
"EC","GO:0002455","humoral immune response mediated by circulating immunoglobulin","5/288","52/18860",0.0961538461538462,6.29674145299145,4.76283322840201,0.00115926415260008,0.0216137032987345,0.0176311308721542,"3263/718/1191/721/714",5
"EC","GO:0030195","negative regulation of blood coagulation","5/288","52/18860",0.0961538461538462,6.29674145299145,4.76283322840201,0.00115926415260008,0.0216137032987345,0.0176311308721542,"302/710/2244/2243/2266",5
"EC","GO:1902850","microtubule cytoskeleton organization involved in mitosis","9/288","170/18860",0.0529411764705882,3.46691176470588,4.02345976570898,0.00123530515143903,0.0229133268346409,0.0186912838838521,"2697/1639/91782/5048/23332/3796/5524/3303/3304",9
"EC","GO:0051496","positive regulation of stress fiber assembly","5/288","53/18860",0.0943396226415094,6.17793501048218,4.70068342972596,0.00126426671217408,0.0232124502433181,0.0189352903778999,"7168/22843/6281/9475/5217",5
"EC","GO:1900047","negative regulation of hemostasis","5/288","53/18860",0.0943396226415094,6.17793501048218,4.70068342972596,0.00126426671217408,0.0232124502433181,0.0189352903778999,"302/710/2244/2243/2266",5
"EC","GO:0050708","regulation of protein secretion","12/288","281/18860",0.0427046263345196,2.79655990510083,3.77841739762128,0.00134298676652674,0.0243560726876049,0.0198681872861652,"6717/5910/2244/2746/2243/2266/5715/10059/5581/23236/1113/399687",12
"EC","GO:0010562","positive regulation of phosphorus metabolic process","13/288","320/18860",0.040625,2.66037326388889,3.73037156862362,0.00134675547069975,0.0243560726876049,0.0198681872861652,"824/718/7164/10920/1991/2247/57103/1917/5594/9475/408/5217/5300",13
"EC","GO:0045937","positive regulation of phosphate metabolic process","13/288","320/18860",0.040625,2.66037326388889,3.73037156862362,0.00134675547069975,0.0243560726876049,0.0198681872861652,"824/718/7164/10920/1991/2247/57103/1917/5594/9475/408/5217/5300",13
"EC","GO:0036258","multivesicular body assembly","4/288","32/18860",0.125,8.18576388888889,5.06608035432225,0.00136716022714174,0.0244802898097608,0.019969515980606,"9146/10015/51534/91782",4
"EC","GO:1902042","negative regulation of extrinsic apoptotic signaling pathway via death domain receptors","4/288","32/18860",0.125,8.18576388888889,5.06608035432225,0.00136716022714174,0.0244802898097608,0.019969515980606,"2876/2244/2243/2266",4
"EC","GO:0001867","complement activation, lectin pathway","3/288","15/18860",0.2,13.0972222222222,5.83659359008195,0.00139934142893038,0.0247640936793633,0.0202010257361452,"710/718/2",3
"EC","GO:0140238","presynaptic endocytosis","6/288","80/18860",0.075,4.91145833333333,4.36578299038864,0.00140455141257481,0.0247640936793633,0.0202010257361452,"824/9829/8867/8120/8943/26052",6
"EC","GO:0051208","sequestering of calcium ion","8/288","140/18860",0.0571428571428571,3.74206349206349,4.05522391002991,0.00140917433003946,0.0247640936793633,0.0202010257361452,"11151/6717/5334/7184/2247/5581/23236/811",8
"EC","GO:0072526","pyridine-containing compound catabolic process","7/288","109/18860",0.0642201834862385,4.20553007135576,4.17952689363448,0.00142408943469936,0.0247640936793633,0.0202010257361452,"2203/1291/57103/23788/55753/23475/5224",7
"EC","GO:0110020","regulation of actomyosin structure organization","7/288","109/18860",0.0642201834862385,4.20553007135576,4.17952689363448,0.00142408943469936,0.0247640936793633,0.0202010257361452,"10391/7168/22843/6281/23332/9475/5217",7
"EC","GO:0150115","cell-substrate junction organization","7/288","109/18860",0.0642201834862385,4.20553007135576,4.17952689363448,0.00142408943469936,0.0247640936793633,0.0202010257361452,"10391/1845/10580/6281/23332/9475/88",7
"EC","GO:0008360","regulation of cell shape","8/288","141/18860",0.0567375886524823,3.71552403467297,4.03039973721772,0.00147460004413764,0.0255088621841998,0.0208085621123386,"23136/11151/301/7430/7168/4478/23580/3679",8
"EC","GO:0009150","purine ribonucleotide metabolic process","14/288","364/18860",0.0384615384615385,2.51869658119658,3.6434183002446,0.0014949264608632,0.0255088621841998,0.0208085621123386,"4705/2203/29789/10606/4709/318/1291/57103/10059/23788/55753/3303/3304/5224",14
"EC","GO:0035088","establishment or maintenance of apical/basal cell polarity","5/288","55/18860",0.0909090909090909,5.95328282828283,4.58103952691118,0.001495128223127,0.0255088621841998,0.0208085621123386,"7430/10015/4478/1741/1742",5
"EC","GO:0061245","establishment or maintenance of bipolar cell polarity","5/288","55/18860",0.0909090909090909,5.95328282828283,4.58103952691118,0.001495128223127,0.0255088621841998,0.0208085621123386,"7430/10015/4478/1741/1742",5
"EC","GO:1990778","protein localization to cell periphery","14/288","365/18860",0.0383561643835616,2.51179604261796,3.63194033357014,0.0015337226793839,0.0258614254104819,0.0210961615254226,"3958/23136/288/7430/10580/6281/6812/7184/1981/5581/9475/8301/1742/88",14
"EC","GO:0010644","cell communication by electrical coupling","4/288","33/18860",0.121212121212121,7.93771043771044,4.96716760915714,0.00153724259420891,0.0258614254104819,0.0210961615254226,"2697/6717/288/1627",4
"EC","GO:0036257","multivesicular body organization","4/288","33/18860",0.121212121212121,7.93771043771044,4.96716760915714,0.00153724259420891,0.0258614254104819,0.0210961615254226,"9146/10015/51534/91782",4
"EC","GO:0090276","regulation of peptide hormone secretion","10/288","211/18860",0.04739336492891,3.10360716166403,3.82652302131084,0.0015540638950179,0.0260233755012952,0.0212282704567991,"6717/2244/2746/2243/2266/5715/5581/23236/1113/9255",10
"EC","GO:0006446","regulation of translational initiation","7/288","111/18860",0.0630630630630631,4.12975475475475,4.11821465161731,0.00158199619174207,0.0263690332973781,0.0215102368443028,"3315/7532/8440/1457/28969/8672/1981",7
"EC","GO:0030834","regulation of actin filament depolymerization","5/288","56/18860",0.0892857142857143,5.84697420634921,4.52340878836458,0.00162152634735212,0.026781099535948,0.0218463751580293,"120/11034/822/88/85477",5
"EC","GO:0050819","negative regulation of coagulation","5/288","56/18860",0.0892857142857143,5.84697420634921,4.52340878836458,0.00162152634735212,0.026781099535948,0.0218463751580293,"302/710/2244/2243/2266",5
"EC","GO:0003073","regulation of systemic arterial blood pressure","7/288","112/18860",0.0625,4.09288194444444,4.08809631167185,0.00166589497846347,0.0273888278959198,0.0223421226059,"10391/5550/7168/6648/83988/9283/4204",7
"EC","GO:0002791","regulation of peptide secretion","10/288","215/18860",0.0465116279069767,3.04586563307494,3.75700159788533,0.00178567512878123,0.0292252802751208,0.023840187596922,"6717/2244/2746/2243/2266/5715/5581/23236/1113/9255",10
"EC","GO:0055074","calcium ion homeostasis","13/288","331/18860",0.0392749244712991,2.57196206780799,3.59299245288606,0.0018175693037072,0.0296132800518421,0.0241566939700867,"11151/6717/5910/5334/7178/1991/7184/794/2247/5581/9885/23236/811",13
"EC","GO:0042327","positive regulation of phosphorylation","11/288","254/18860",0.0433070866141732,2.83601268591426,3.66853159927861,0.00188896253596016,0.0306384640922327,0.024992976107134,"718/7164/10920/1991/2247/57103/1917/5594/408/5217/5300",11
"EC","GO:0090087","regulation of peptide transport","10/288","217/18860",0.0460829493087558,3.01779313876088,3.72284405616366,0.00191153186805072,0.0308661194943726,0.025178683393544,"6717/2244/2746/2243/2266/5715/5581/23236/1113/9255",10
"EC","GO:0001778","plasma membrane repair","4/288","35/18860",0.114285714285714,7.48412698412698,4.78128110443089,0.0019205630127985,0.0308741174101875,0.0251852076017507,"79026/302/6281/91782",4
"EC","GO:2001243","negative regulation of intrinsic apoptotic signaling pathway","7/288","115/18860",0.0608695652173913,3.98611111111111,3.99980112231455,0.00193848969244528,0.0310244124671442,0.0253078090727719,"3315/1191/2876/7178/2247/6648/3303",7
"EC","GO:0072659","protein localization to plasma membrane","12/288","295/18860",0.0406779661016949,2.6638418079096,3.58675572854654,0.00201855142643402,0.0316543874035161,0.0258217039104974,"3958/23136/288/7430/10580/6281/6812/7184/5581/9475/8301/88",12
"EC","GO:0008625","extrinsic apoptotic signaling pathway via death domain receptors","6/288","86/18860",0.0697674418604651,4.5687984496124,4.13065646141139,0.00203688169007523,0.0316543874035161,0.0258217039104974,"3958/9531/2876/2244/2243/2266",6
"EC","GO:0001771","immunological synapse formation","3/288","17/18860",0.176470588235294,11.5563725490196,5.42238539749869,0.00204461074467927,0.0316543874035161,0.0258217039104974,"3958/8440/4478",3
"EC","GO:0043278","response to morphine","3/288","17/18860",0.176470588235294,11.5563725490196,5.42238539749869,0.00204461074467927,0.0316543874035161,0.0258217039104974,"84152/5520/5581",3
"EC","GO:0048148","behavioral response to cocaine","3/288","17/18860",0.176470588235294,11.5563725490196,5.42238539749869,0.00204461074467927,0.0316543874035161,0.0258217039104974,"22924/84152/9456",3
"EC","GO:0051014","actin filament severing","3/288","17/18860",0.176470588235294,11.5563725490196,5.42238539749869,0.00204461074467927,0.0316543874035161,0.0258217039104974,"11034/822/85477",3
"EC","GO:1903729","regulation of plasma membrane organization","3/288","17/18860",0.176470588235294,11.5563725490196,5.42238539749869,0.00204461074467927,0.0316543874035161,0.0258217039104974,"79026/302/6281",3
"EC","GO:0050885","neuromuscular process controlling balance","5/288","59/18860",0.0847457627118644,5.54967043314501,4.35854672709663,0.00204786470899164,0.0316543874035161,0.0258217039104974,"16/1200/5048/1742/6507",5
"EC","GO:0045333","cellular respiration","13/288","336/18860",0.0386904761904762,2.53368882275132,3.5323663724319,0.00207265260186032,0.0319012104720374,0.0260230470011847,"4705/8050/2203/1737/4709/1291/57103/9555/23788/6648/55753/847/5224",13
"EC","GO:0009060","aerobic respiration","12/288","297/18860",0.0404040404040404,2.64590347923681,3.5602848172089,0.00213454775331935,0.0325833961299689,0.0265795321369273,"4705/8050/2203/1737/4709/1291/57103/9555/23788/55753/847/5224",12
"EC","GO:1902176","negative regulation of oxidative stress-induced intrinsic apoptotic signaling pathway","4/288","36/18860",0.111111111111111,7.27623456790124,4.69375802070256,0.00213499167343174,0.0325833961299689,0.0265795321369273,"3315/2876/2247/6648",4
"EC","GO:0036465","synaptic vesicle recycling","6/288","87/18860",0.0689655172413793,4.51628352490421,4.09357648014494,0.00216028454110344,0.0328308789292906,0.0267814133954576,"824/9829/8867/8120/8943/26052",6
"EC","GO:0042886","amide transport","13/288","338/18860",0.0384615384615385,2.51869658119658,3.50842067909338,0.00218262346989306,0.0330315861531515,0.026945138014139,"2697/6717/2244/2746/2243/5798/2266/5715/5581/23236/1113/9255/1363",13
"EC","GO:0030042","actin filament depolymerization","5/288","60/18860",0.0833333333333333,5.45717592592593,4.30608614034608,0.00220661060026024,0.0332554605880887,0.027127761019866,"120/11034/822/88/85477",5
"EC","GO:0071248","cellular response to metal ion","9/288","186/18860",0.0483870967741935,3.16868279569892,3.70134924781097,0.00229193614299658,0.034398062361903,0.0280598253278856,"288/2203/84557/8895/7184/57103/811/3208/1742",9
"EC","GO:0051051","negative regulation of transport","16/288","468/18860",0.0341880341880342,2.23884140550807,3.37948401289434,0.00236072725361743,0.0352275842834653,0.028736498332888,"2697/3958/11151/7529/302/301/288/5715/3685/5581/10971/8301/29934/1742/1113/88",16
"EC","GO:0034113","heterotypic cell-cell adhesion","5/288","61/18860",0.0819672131147541,5.36771402550091,4.25478848837984,0.00237413516344151,0.0352275842834653,0.028736498332888,"2244/2243/2266/3685/3679",5
"EC","GO:0016052","carbohydrate catabolic process","9/288","187/18860",0.0481283422459893,3.15173796791444,3.68238654017317,0.00237642537051853,0.0352275842834653,0.028736498332888,"55276/2203/1291/57103/23788/55753/56270/5224/6652",9
"EC","GO:0002921","negative regulation of humoral immune response","3/288","18/18860",0.166666666666667,10.9143518518519,5.24038647439784,0.00242600779126614,0.0353825410524582,0.028862902542101,"710/1191/2",3
"EC","GO:0014072","response to isoquinoline alkaloid","3/288","18/18860",0.166666666666667,10.9143518518519,5.24038647439784,0.00242600779126614,0.0353825410524582,0.028862902542101,"84152/5520/5581",3
"EC","GO:0035973","aggrephagy","3/288","18/18860",0.166666666666667,10.9143518518519,5.24038647439784,0.00242600779126614,0.0353825410524582,0.028862902542101,"9531/1457/26353",3
"EC","GO:0072378","blood coagulation, fibrin clot formation","3/288","18/18860",0.166666666666667,10.9143518518519,5.24038647439784,0.00242600779126614,0.0353825410524582,0.028862902542101,"2244/2243/2266",3
"EC","GO:0034614","cellular response to reactive oxygen species","8/288","153/18860",0.0522875816993464,3.4241103848947,3.7490589647933,0.00246401984345678,0.0356494390951327,0.0290806215629868,"6649/7168/84557/5052/6648/6416/847/9283",8
"EC","GO:0046165","alcohol biosynthetic process","8/288","153/18860",0.0522875816993464,3.4241103848947,3.7490589647933,0.00246401984345678,0.0356494390951327,0.0290806215629868,"5092/6697/5594/51477/4597/27122/1727/3612",8
"EC","GO:0051222","positive regulation of protein transport","11/288","263/18860",0.0418250950570342,2.73896282213773,3.53649430070002,0.00247660023760706,0.0356886974479073,0.0291126461145422,"9531/2244/2746/2243/2266/5715/10059/5581/3320/23236/399687",11
"EC","GO:0009259","ribonucleotide metabolic process","14/288","385/18860",0.0363636363636364,2.38131313131313,3.41001679723084,0.00250479333499426,0.0359517360820407,0.0293272168671216,"4705/2203/29789/10606/4709/318/1291/57103/10059/23788/55753/3303/3304/5224",14
"EC","GO:0071709","membrane assembly","5/288","62/18860",0.0806451612903226,5.28113799283154,4.20460773884932,0.00255071694646256,0.0363226110053349,0.0296297538372754,"302/288/6281/91782/1291",5
"EC","GO:1900024","regulation of substrate adhesion-dependent cell spreading","5/288","62/18860",0.0806451612903226,5.28113799283154,4.20460773884932,0.00255071694646256,0.0363226110053349,0.0296297538372754,"2244/6281/2243/2266/811",5
"EC","GO:0001932","regulation of protein phosphorylation","14/288","387/18860",0.0361757105943152,2.36900660350273,3.38858627158419,0.00262493643582381,0.0372329219151949,0.0303723295340108,"3315/7532/718/7164/10920/9146/22843/1991/2247/5594/408/5217/171024/5300",14
"EC","GO:0006935","chemotaxis","16/288","474/18860",0.0337552742616034,2.21050164088139,3.32381743874099,0.00267740126564109,0.0378133491306452,0.0308458063859839,"3958/10457/11151/3315/301/1845/718/1991/2247/3685/10059/5594/9097/644/811/1113",16
"EC","GO:0009306","protein secretion","14/288","388/18860",0.0360824742268041,2.3629009163803,3.37792049122531,0.00268676547596788,0.0378133491306452,0.0308458063859839,"6717/5910/2244/2746/2243/5798/2266/5048/5715/10059/5581/23236/1113/399687",14
"EC","GO:0097479","synaptic vesicle localization","5/288","63/18860",0.0793650793650794,5.19731040564374,4.15550040175734,0.00273663504320005,0.0383659261676534,0.031296564773928,"3800/8867/8120/8943/26052",5
"EC","GO:0042330","taxis","16/288","476/18860",0.0336134453781513,2.20121381886088,3.30544569871093,0.00279049742988204,0.0389699969261904,0.0317893285753276,"3958/10457/11151/3315/301/1845/718/1991/2247/3685/10059/5594/9097/644/811/1113",16
"EC","GO:0006958","complement activation, classical pathway","4/288","39/18860",0.102564102564103,6.71652421652422,4.4500945703434,0.00287638322729198,0.0398915081505593,0.0325410408003194,"718/1191/721/714",4
"EC","GO:0035592","establishment of protein localization to extracellular region","14/288","391/18860",0.0358056265984655,2.34477124183007,3.34611865932477,0.00287948885835088,0.0398915081505593,0.0325410408003194,"6717/5910/2244/2746/2243/5798/2266/5048/5715/10059/5581/23236/1113/399687",14
"EC","GO:0046887","positive regulation of hormone secretion","8/288","157/18860",0.0509554140127389,3.33687190375088,3.66146875953227,0.00288957012315359,0.0398915081505593,0.0325410408003194,"2244/2746/2243/2266/5715/5581/23236/9255",8
"EC","GO:0045055","regulated exocytosis","10/288","230/18860",0.0434782608695652,2.84722222222222,3.50996569393995,0.00291506024905781,0.0400903913340004,0.0327032774789235,"11151/8541/6812/8867/22895/9885/5217/1113/85477/91683",10
"EC","GO:0019693","ribose phosphate metabolic process","14/288","392/18860",0.0357142857142857,2.33878968253968,3.3355825562989,0.0029462002149006,0.040365174913998,0.0329274290365486,"4705/2203/29789/10606/4709/318/1291/57103/10059/23788/55753/3303/3304/5224",14
"EC","GO:0106027","neuron projection organization","6/288","93/18860",0.0645161290322581,4.22491039426523,3.88228966653241,0.00302294422393287,0.0412603368225101,0.0336576471089725,"22924/1627/1639/9456/5048/1742",6
"EC","GO:0050900","leukocyte migration","14/288","397/18860",0.035264483627204,2.30933389308704,3.28337710281772,0.00329908459997331,0.0442280660406349,0.0360785382221089,"3958/11151/301/718/1991/5048/10059/5594/4478/23236/811/3679/1113/9255",14
"EC","GO:0030812","negative regulation of nucleotide catabolic process","3/288","20/18860",0.15,9.82291666666667,4.91601231924842,0.00331374229942274,0.0442280660406349,0.0360785382221089,"2203/57103/23788",3
"EC","GO:0033122","negative regulation of purine nucleotide catabolic process","3/288","20/18860",0.15,9.82291666666667,4.91601231924842,0.00331374229942274,0.0442280660406349,0.0360785382221089,"2203/57103/23788",3
"EC","GO:0045820","negative regulation of glycolytic process","3/288","20/18860",0.15,9.82291666666667,4.91601231924842,0.00331374229942274,0.0442280660406349,0.0360785382221089,"2203/57103/23788",3
"EC","GO:0061003","positive regulation of dendritic spine morphogenesis","3/288","20/18860",0.15,9.82291666666667,4.91601231924842,0.00331374229942274,0.0442280660406349,0.0360785382221089,"22924/1627/5048",3
"EC","GO:2000434","regulation of protein neddylation","3/288","20/18860",0.15,9.82291666666667,4.91601231924842,0.00331374229942274,0.0442280660406349,0.0360785382221089,"10920/10980/51138",3
"EC","GO:0034605","cellular response to heat","5/288","66/18860",0.0757575757575758,4.96106902356902,4.01421845666927,0.00335320186594528,0.0445901880482503,0.0363739351015659,"9531/3320/3303/3304/3326",5
"EC","GO:0071692","protein localization to extracellular region","14/288","398/18860",0.0351758793969849,2.303531546622,3.27302969336489,0.00337365404134698,0.0446978266210697,0.0364617400342996,"6717/5910/2244/2746/2243/5798/2266/5048/5715/10059/5581/23236/1113/399687",14
"EC","GO:0035296","regulation of tube diameter","8/288","162/18860",0.0493827160493827,3.23388203017833,3.55587430402516,0.0034997533732866,0.046031301640646,0.0375495070060186,"120/5910/2876/2244/2243/2266/6648/9475",8
"EC","GO:0097746","blood vessel diameter maintenance","8/288","162/18860",0.0493827160493827,3.23388203017833,3.55587430402516,0.0034997533732866,0.046031301640646,0.0375495070060186,"120/5910/2876/2244/2243/2266/6648/9475",8
"EC","GO:1901879","regulation of protein depolymerization","6/288","96/18860",0.0625,4.09288194444444,3.78322773007411,0.00354005213527994,0.0463926397583607,0.0378442644362688,"120/11034/23332/822/88/85477",6
"EC","GO:0008631","intrinsic apoptotic signaling pathway in response to oxidative stress","5/288","67/18860",0.0746268656716418,4.8870232172471,3.96901477670659,0.00357925963980946,0.0464020864415441,0.0378519704598601,"3315/2876/2247/6648/6416",5
"EC","GO:1901799","negative regulation of proteasomal protein catabolic process","5/288","67/18860",0.0746268656716418,4.8870232172471,3.96901477670659,0.00357925963980946,0.0464020864415441,0.0378519704598601,"6449/1457/7874/9097/3326",5
"EC","GO:2000059","negative regulation of ubiquitin-dependent protein catabolic process","5/288","67/18860",0.0746268656716418,4.8870232172471,3.96901477670659,0.00357925963980946,0.0464020864415441,0.0378519704598601,"6449/1457/7874/9097/3326",5
"EC","GO:0035150","regulation of tube size","8/288","163/18860",0.049079754601227,3.21404226312202,3.5352487839019,0.00363294908312857,0.0469299172631287,0.0382825424060503,"120/5910/2876/2244/2243/2266/6648/9475",8
"EC","GO:0043085","positive regulation of catalytic activity","12/288","318/18860",0.0377358490566038,2.47117400419287,3.29477339568327,0.00371561703579122,0.0477508914759496,0.0389522427155644,"7164/4594/10920/10486/1991/6281/2247/57103/1917/375790/6000/92154",12
"EC","GO:0040001","establishment of mitotic spindle localization","4/288","42/18860",0.0952380952380952,6.23677248677249,4.23085221925648,0.00377692282313587,0.0477508914759496,0.0389522427155644,"2697/1639/5048/23332",4
"EC","GO:0045022","early endosome to late endosome transport","4/288","42/18860",0.0952380952380952,6.23677248677249,4.23085221925648,0.00377692282313587,0.0477508914759496,0.0389522427155644,"7430/5594/4478/29934",4
"EC","GO:0045429","positive regulation of nitric oxide biosynthetic process","4/288","42/18860",0.0952380952380952,6.23677248677249,4.23085221925648,0.00377692282313587,0.0477508914759496,0.0389522427155644,"1191/6648/3320/3326",4
"EC","GO:0001885","endothelial cell development","5/288","68/18860",0.0735294117647059,4.81515522875817,3.92469944641277,0.00381604999269596,0.0477508914759496,0.0389522427155644,"7430/2876/4478/9475/23236",5
"EC","GO:0098930","axonal transport","5/288","68/18860",0.0735294117647059,4.81515522875817,3.92469944641277,0.00381604999269596,0.0477508914759496,0.0389522427155644,"3800/3315/5048/8120/8943",5
"EC","GO:0048268","clathrin coat assembly","3/288","21/18860",0.142857142857143,9.35515873015873,4.77047545781595,0.00382276044106247,0.0477508914759496,0.0389522427155644,"8522/9829/8301",3
"EC","GO:0110096","cellular response to aldehyde","3/288","21/18860",0.142857142857143,9.35515873015873,4.77047545781595,0.00382276044106247,0.0477508914759496,0.0389522427155644,"217/128/2098",3
"EC","GO:1902004","positive regulation of amyloid-beta formation","3/288","21/18860",0.142857142857143,9.35515873015873,4.77047545781595,0.00382276044106247,0.0477508914759496,0.0389522427155644,"1191/9475/8301",3
"EC","GO:0097191","extrinsic apoptotic signaling pathway","10/288","239/18860",0.0418410041841004,2.74000464900046,3.37111909612708,0.00382852046669212,0.0477508914759496,0.0389522427155644,"3958/9531/2876/2244/2243/2266/3685/3303/3304/5518",10
"EC","GO:0006898","receptor-mediated endocytosis","11/288","279/18860",0.039426523297491,2.58188968538431,3.31489663565199,0.00388144851708307,0.0482446710869053,0.0393550377767547,"302/8522/9829/7430/718/1191/9146/408/3208/8301/1742",11
